_id,id,name,address,latitude,longitude,about,phone,website,image[0],image[1],image[2],image[3],image[4],image[5],image[6],friday,monday,saturday,sunday,thursday,tuesday,wednesday,yelp,amenities,facebook,instagram,price,rating,tags[0],tags[1],tags[2],tags[3],tags[4],review,moreabout
651cded4f721dadd5abf2237,catsbilliards,Cats Billiards," 143 S. LBJ Drive, San Marcos, TX 78666",29.88141,-97.93956,"Eight-foot pool tables and free pool with purchase. Juke box, cold beer and good friends.",5123960888,https://www.visitsanmarcos.com/listing/cats-billiards/390/,https://i.imgur.com/2rrECxp.jpg,https://i.imgur.com/nDcOB97.png,https://i.imgur.com/PHl1hxL.jpg,https://i.imgur.com/WC9cQFF.png,https://i.imgur.com/5pH1BfX.png,https://i.imgur.com/q197BfB.png,,2:00 PM – 2:00 AM,2:00 PM – 2:00 AM,2:00 PM – 2:00 AM,2:00 PM – 2:00 AM,2:00 PM – 2:00 AM,5:30 PM – 2:00 AM,2:00 PM – 2:00 AM,https://www.yelp.com/biz/cats-billards-san-marcos,"Accepts Credit Cards,Quiet,Good for Groups,Pool Table,Happy Hour Specials,Full Bar,TV,No Outdoor Seating,Not Good For Dancing,Bike Parking\n",,,$,4.2,Bar,Pool Hall,,,,213,"Step into the lively atmosphere of our establishment where eight-foot pool tables beckon you to showcase your skills, offering complimentary games with every purchase. The rhythmic tunes from our jukebox create a vibrant backdrop as you enjoy the company of good friends, surrounded by the clinking of cue balls and the laughter of camaraderie. Quench your thirst with a selection of cold beers that perfectly complement the friendly competition and the warmth of shared moments. Whether you're a seasoned pool player or just looking for a relaxed night out, our venue promises an inviting space where the love for the game, great music, and the joy of friendship seamlessly come together."
651e5014c7ff119bb2ec6dcc,patiodolcetto,Patio Dolcetto,"322 Cheatham Street, San Marcos, TX 78666",29.87682,-97.93679,"Enjoy dining and imbibing at Patio Dolcetto. Treat yourself to great wines, craft ciders, cocktails, martinis, craft beers and good food on the romantic patio. And trust us, you're going to want to save room for dessert!",5123663605,https://patiodolcetto.com/,https://i.imgur.com/u5W6rwg.jpg,https://i.imgur.com/IULQRj5.png,https://i.imgur.com/6UEK0dF.png,https://i.imgur.com/vtCdpiL.jpg,https://i.imgur.com/49UGL9h.jpg,https://i.imgur.com/t86NgVo.png,https://i.imgur.com/F8NNrvx.png,4:00 PM - 12:00 AM,4:00 PM - 11:00 PM,4:00 PM - 12:00 AM,12:00 PM - 10:00 PM,4:00 PM - 11:00 PM,4:00 PM - 11:00 PM,4:00 PM - 11:00 PM,https://www.yelp.com/biz/patio-dolcetto-san-marcos,"Takes Reservations,Offers Takeout,No Delivery,Many Vegetarian Options,Accepts Credit Cards,Not Accepts Apple Pay,Not Accepts Cryptocurrency,Outdoor Seating,Romantic, Intimate, Classy, Casual,Quiet,Casual Dress,Good for Groups,Good for Dinner,Street Parking, Private Lot Parking,Waiter Service,Free Wi-Fi,Best nights on Saturday,Happy Hour Specials,Beer & Wine Only,Smoking Outside Only,Wheelchair Accessible,Gender-neutral restrooms,Heated Outdoor Seating,Covered Outdoor Seating,Not Good For Kids,Not Good For Dancing,No Drive-Thru,Dogs Not Allowed,No TV,Bike Parking,Compostable containers available",,https://www.instagram.com/patiodolcetto/,$$,4.7,Wine Bar,Pizza,Tapas,Small Plates,Bar,457,"Located in San Marcos and inspired by the beautiful river, Patio Dolcetto embodies the energy and class of the city with the laid back atmosphere of the Hill Country. Treat yourself to great wines, craft ciders, cocktails, martinis, craft beers and good food on the romantic patio. And trust us, you're going to want to save room for dessert! Enjoy dining and imbibing at Patio Dolcetto. "
651cdf34f721dadd5abf2239,cheathamstreet,Cheatham Street Warehouse,"119 Cheatham Street, San Marcos, TX 78666",29.87678,-97.93979,"There are very few music venues that have as much musical reverence and historical charm as Cheatham Street Warehouse. The place where George Strait, Randy Rogers, Stevie Ray Vaughan, Shelley King, John Arthur Martinez, Todd Snider, Slaid Cleaves, Terri Hendrix and many more honed their skills – Cheatham Street Warehouse is a music-lovers paradise. ",5123533777,https://cheathamstreet.com/,https://i.imgur.com/ALCrPUA.jpg,https://i.imgur.com/zI3IKor.jpg,https://i.imgur.com/iY3ZBHa.jpg,https://i.imgur.com/AxJ1oqi.png,https://i.imgur.com/ZzJfLda.jpg,https://i.imgur.com/qlETxbM.jpg,,3:00 PM – 2:00 AM,3:00 PM – 2:00 AM,3:00 PM – 2:00 AM,CLOSED,3:00 PM – 2:00 AM,3:00 PM – 2:00 AM,3:00 PM – 2:00 AM,https://www.yelp.com/biz/cheatham-street-warehouse-san-marcos-2,"Accepts Credit Cards,Divey,Casual,Loud,Good for Groups,Good For Dancing,Live Music,Beer & Wine Only,TV,No Outdoor Seating,Not Good For Kids,Bike Parking,Street Parking,Private Lot Parking",https://www.facebook.com/CheathamStreet/,https://www.instagram.com/CheathamStreet/,$,4.5,Music Venue,,,,,273,"  From the time Kent Finlay and his business partner, Jim Cunningham, leased a creaky old warehouse along the railroad tracks in San Marcos, Texas, and opened Cheatham Street Warehouse in June 1974, the honky tonk seemed destined for fame in Texas music history. An Austin hippie country band, Freda (Marcia Ball) and the Firedogs played to an overflow crowd on an unbelievable opening night. As Kent’s brother, Steve, recalled, “At least five people behind the bar were selling beer as fast as we could open them. The beer box was soon depleted of cold beer and we kept icing down beer in an old bathtub behind the bar!”"
651cdf95f721dadd5abf223f,blackrabbit,Black Rabbit Saloon,"127 E. Hopkins Street, San Marcos, TX 78666",29.88338,-97.9408,"The latest and greatest addition to the San Marcos nightlife scene! Enjoy cold beer on draft, a great selection of bottled beer, or partake in one of our specialty cocktails. Offering San Marcos' only 'big kids' game room, you can roll Skeeball, throw darts, play pool, or be challenged at any of our numerous video games! Come drink, come play. ",8666206667,https://www.facebook.com/BlackRabbitSaloon/,https://i.imgur.com/nBimlAT.jpg,https://i.imgur.com/Nl1HiVJ.jpg,https://i.imgur.com/xsrwuOK.jpg,https://i.imgur.com/RSGD1rP.jpg,https://i.imgur.com/zQ6s6ry.jpg,https://i.imgur.com/G7xY4oi.jpg,https://i.imgur.com/PXbaJj8.jpg,5:00 PM – 2:00 AM,5:00 PM – 2:00 AM,5:00 PM – 2:00 AM,5:00 PM – 2:00 AM,5:00 PM – 2:00 AM,5:00 PM – 2:00 AM,5:00 PM – 2:00 AM,https://www.yelp.com/biz/black-rabbit-saloon-san-marcos,"No Reservations,Accepts Credit Cards,Not Accepts Apple Pay,Casual,Very Loud,Good for Groups,Pool Table,Full Bar,TV,No Outdoor Seating,No Wi-Fi,No Smoking,Bike Parking",5:00 PM – 2:00 AM,https://www.instagram.com/blackrabbitsaloon/,$$,4.1,Bar,,,,,141,"Embark on an unforgettable nightlife experience at the newest sensation in San Marcos! Revel in the refreshing taste of cold beers on tap, a diverse array of bottled options, or indulge in the creativity of our specialty cocktails. Our venue boasts San Marcos' exclusive ""big kids"" game room, where the thrill of Skeeball, the precision of darts, the strategy of pool, and the excitement of various video games await your skill and enthusiasm. Whether you're looking for a casual night out or a lively challenge, our doors are open from Monday to Saturday, 5 pm to 2 am, and Sundays from 2 pm to 2 am. Come for the drinks, stay for the games, and let the vibrant energy of our establishment be the highlight of your San Marcos nights."
651f38bd1f8d452578e363a3,redbus,Red Bus Food Truck Park,"801 Chestnut Street, San Marcos, TX 78666",29.89227,-97.94198,Red Bus Food Park is home to the only 40-foot bus that is heated and cooled for dining with food trucks surrounding it. Opt for outside dining under the shade of the trees on the lot. Get a sweet dessert from the bakeshop on site.,5125371902,https://redbusfoodpark.com,https://i.imgur.com/wVzNMiK.jpg,https://i.imgur.com/ToVLzo1.jpg,https://i.imgur.com/ZTeSIMT.jpg,https://i.imgur.com/xIePMTF.jpg,https://i.imgur.com/jQC4rJc.jpg,https://i.imgur.com/QJm4G1f.jpg,,7:00 AM - 12:30 AM,8:00 AM - 7:00 PM,7:00 AM - 12:30 AM,CLOSED,7:00 AM - 11:00 PM,7:00 AM - 11:00 PM,7:00 AM - 11:00 PM,https://www.yelp.com/biz/red-bus-food-park-and-bar-san-marcos,"Offers Delivery,Offers Takeout,Pescatarian Options,Vegan Options,Accepts Credit Cards,Accepts Android Pay,Accepts Apple Pay,Outdoor Seating,Good For Kids,Street Parking, Private Lot Parking,Free Wi-Fi,Live Music,Beer & Wine Only,Smoking Outside Only,Dogs Allowed,Wheelchair Accessible,TV,Latinx-owned,Women-owned,Open to All,No Happy Hour,Bike Parking",https://www.facebook.com/RedBusFoodParkandBar/,https://www.instagram.com/redbusfoodparkandbar/,$,4.8,Bar,Food Truck,Karaoke,,,22,"Discover a unique dining experience at Red Bus Food Park, where innovation meets comfort. The centerpiece of our culinary haven is the only 40-foot bus equipped with both heating and cooling systems, ensuring a cozy atmosphere for year-round enjoyment. Surrounding the bus, an array of food trucks awaits, offering a diverse range of delectable options to satisfy every palate. Choose to embrace the outdoors with al fresco dining under the comforting shade of trees scattered throughout the lot. And for those with a sweet tooth, a delightful finale awaits at our on-site bakeshop, ready to treat you to a heavenly dessert to complete your culinary journey at Red Bus Food Park."
651f3a391f8d452578e363af,wakethedead,Wake The Dead Coffee House,"1432 Ranch Road 12, San Marcos, TX 78666",29.89165,-97.95669,This funky Tim Burton-esque serves breakfast and lunch. Choose from a variety of over 55 imported and domestic beers. Monthly exhibits showcase local artists. Monday - Sunday: 7am - 12am,5127549253,https://wakethedeadcoffeehouse.squarespace.com,https://i.imgur.com/bybL3SG.jpg,https://i.imgur.com/0pC126S.jpg,https://i.imgur.com/qEmfoai.png,https://i.imgur.com/YzZvlww.png,https://i.imgur.com/5SEe76G.jpg,https://i.imgur.com/prWSr3t.jpg,https://i.imgur.com/e7G3M7s.jpg,7:00 AM - 10:00 PM,7:00 AM - 10:00 PM,7:00 AM - 10:00 PM,7:00 AM - 10:00 PM,7:00 AM - 10:00 PM,7:00 AM - 10:00 PM,7:00 AM - 10:00 PM,https://www.yelp.com/biz/wake-the-dead-coffee-house-san-marcos,"Offers Takeout,Vegan Options,Accepts Credit Cards,Outdoor Seating,Moderate Noise,Good for Working,Street Parking,Private Lot Parking,Free Wi-Fi,Dogs Allowed,Gender-neutral restrooms,Offers Catering,Bike Parking",https://www.facebook.com/wakethedeadcoffeehouse/,https://www.instagram.com/wakethedeadcoffeehouse/,$,4.6,Coffee & Tea,Desserts,,,,815,"Funky Tim Burton-esque house with a variety of over 55 imported and domestic beer, wine, specialty espresso drinks, smoothies, breakfast and lunch choices, pastries and treats, monthly art exhibits, live music, hand-crafted items for sale, a beautiful landscaped courtyard, entertainment ... and of course, coffee!"
651cdfb3f721dadd5abf2240,axis,Axis,"202 N. LBJ Drive (Suite A), San Marcos, TX 78666",29.88346,-97.93997,"Axis is San Marcos' premier underground bar. Located right in downtown San Marcos at the heart of the square we feature karaoke, late night food, live entertainment, piano bar, and private events. Axis also has a courtyard for soaking up the lively San Marcos atmosphere.",5123923031,https://axisbarsmtx.com/,https://i.imgur.com/8ULg8qp.png,https://i.imgur.com/qE42tEZ.jpg,https://i.imgur.com/Xk9T8xl.png,https://i.imgur.com/M4G99R4.jpg,https://i.imgur.com/tzQjqEV.jpg,,,6:00 PM - 2:00 AM,6:00 PM - 2:00 AM,6:00 PM - 2:00 AM,6:00 PM - 2:00 AM,6:00 PM - 2:00 AM,6:00 PM - 2:00 AM,6:00 PM - 2:00 AM,https://www.yelp.com/biz/axis-san-marcos,"Accepts Credit Cards,Outdoor Seating,Trendy,Street Parking,Free Wi-Fi,Happy Hour Specials,Full Bar,Smoking Outside Only,Dogs Allowed,Wheelchair Accessible,TV,Bike Parking",https://www.facebook.com/axis78666/,https://www.instagram.com/axis78666/,$,3.8,Bar,Karaoke,,,,61,"Nestled in the vibrant pulse of Downtown San Marcos, Axis stands as a dynamic hub for entertainment enthusiasts. Boasting a trifecta of auditory delights, our venue beckons with karaoke nights that transform the stage into a symphony of diverse voices, live music that resonates with the energy of the city, and a piano bar where melodies effortlessly intertwine with the spirit of the night. As a unique touch, our courtyard provides an inviting space to revel in the lively San Marcos atmosphere, allowing patrons to bask in the energy of the city while enjoying the diverse entertainment offerings within Axis. Whether you're seeking the thrill of a live performance or the camaraderie of a piano sing-along, Axis is your downtown destination for an unforgettable night out."
651cdf51f721dadd5abf223a,chimys,Chimy's Cerveceria,"217 E. Hopkins Street, San Marcos, TX 78666",29.88354,-97.93942,"Head on over to Chimy's for a margarita the size of your head and a giant platter of nachos. Or a burger, or tacos, or maybe a chimychanga - whatever is calling your name... Monday-Saturday 11am-12am.",5122166175,http://chimys.com,https://i.imgur.com/n6sUziw.jpg,https://i.imgur.com/sCMrXnX.png,https://i.imgur.com/91mNTl8.jpg,https://i.imgur.com/1wx3jF7.jpg,https://i.imgur.com/20v9ei2.jpg,https://i.imgur.com/YggRFJ9.png,https://i.imgur.com/IQF3sxN.jpg,11:00 AM – 12:00 AM,11:00 AM – 12:00 AM,11:00 AM – 12:00 AM,12:00 PM – 10:00 PM,11:00 AM – 12:00 AM,11:00 AM – 12:00 AM,11:00 AM – 12:00 AM,https://www.yelp.com/biz/chimys-cerveceria-san-marcos,"Offers Delivery,Offers Takeout,No Reservations,Many Vegetarian Options,Accepts Credit Cards,Outdoor Seating,Casual, Trendy,Loud,Offers Catering,Good for Groups,Good for Lunch, Dinner, Late Night,Street Parking,Happy Hour Specials,Full Bar,TV,Not Good For Kids,No Wi-Fi,Bike Parking",https://www.facebook.com/profile.php?id=189990151035383,https://www.instagram.com/chimyssanmarcos/,$,4.1,Mexican,Burgers,Tex-Mex,,,360,"Just blocks from the river this watering hole is the perfect destination after tubing all day and the ideal place to grab some Tex-Mex and margaritas before you hit the square for a night out with friends! Head on over to Chimy's for a margarita the size of your head and a giant platter of nachos. Or a burger, or tacos, or maybe a chimychanga - whatever is calling your name..."
651e4b8667944ee39d43c71e,zelicks,Zelicks Icehouse,"336 W. Hopkins Street, San Marcos, TX 78666",29.8828375,-97.945398,"Rough 'n' ready roadhouse bar set in a 1930s gas station with TVs, games, a pool table & a patio. In May 2011, Zelicks was opened by brothers' Chase and Seth Katz, as a place that would attract diverse clientele to its friendly atmosphere, making it the perfect place to make new friends or catch up with old ones.",5127578787,http://www.zelickssmtx.com/,https://i.imgur.com/ikuh0yR.jpg,https://i.imgur.com/u56m28p.png,https://i.imgur.com/j0ZgbZg.jpg,https://i.imgur.com/gQkSDOS.jpg,https://i.imgur.com/sLVnmxh.png,https://i.imgur.com/k4YtjnJ.png,,12:00 PM  - 2:00 AM,3:00 PM  - 2:00 AM,12:00 PM  - 2:00 AM,12:00 PM  - 2:00 AM,12:00 PM  - 2:00 AM,3:00 PM  - 2:00 AM,3:00 PM  - 2:00 AM,https://www.yelp.com/biz/zelicks-san-marcos,"No Reservations,Accepts Credit Cards,Not Accepts Android Pay,Not Accepts Apple Pay,Not Accepts Cryptocurrency,Outdoor Seating,Casual,Moderate Noise,Good for Groups,Pool Table,Private Lot Parking,Free Wi-Fi,Best nights on Tuesday, Friday, Saturday,Happy Hour Specials,Full Bar,Smoking Outside Only,Dogs Allowed,Wheelchair Accessible,TV,Open to All,Heated Outdoor Seating,Covered Outdoor Seating,Not Good For Dancing,Bike Parking",https://www.facebook.com/Zelicks/,https://www.instagram.com/zelicks/,$$,4.6,Bar,,,,,756,"    Welcome to the best little icehouse in Texas. Come out and see what the ""Mystery Keg"" is every Friday. Experience this new, unique establishment to the San Marcos bar scene. In May 2011, Zelicks was opened by brothers, Chase and Seth Katz, bringing a new, unique establishment to the San Marcos bar scene. Chase and Seth had lived, studied, and worked in San Marcos for some time and opened Zelicks as a place that would attract diverse clientele to its friendly atmosphere, making it the perfect place to make new friends or catch up with old ones. The site itself was originally a 1930s gas station and still shows the remains of being so. Zelicks is full of interesting and original design features, including the old framed photos of the life of Jack Zelick Katz who is Seth and Chase's grandfather and the bar's namesake. Zelick was instrumental in the brothers' success as he provided their first-ever loan when opening their first business, Dos Gatos Kolache Bakery. After the success of the bakery, Chase and Seth chose to name the bar Zelicks as a tribute to their grandfather's faith and support in their entrepreneurial endeavors. The photos that line the walls of the bar show Zelick's life and the many places it has taken him - from its start in Lithuania, to Cape Town, Johannesburg, and finally, Toronto."
651f37c51f8d452578e3639d,middletonbrewing,Middleton Brewing,"101 Oakwood Loop, San Marcos, TX 78666",29.93049,-98.07176,"Four legs or two, everyone feels right at home at Middleton Brewing! We suggest getting a glass of anything that strikes your fancy and then head to the rooftop for beautiful Hill Country views. The laid-back atmosphere at Middleton really hits the spot after a long day of exploring. ",5128473435,http://www.middletonbrewingtx.com,https://i.imgur.com/aYIhEvB.jpg,https://i.imgur.com/Wp1f1Bh.jpg,https://i.imgur.com/ShOiC4w.png,https://i.imgur.com/iorzBt2.jpg,https://i.imgur.com/tisVLih.jpg,https://i.imgur.com/lWMCe80.jpg,https://i.imgur.com/Qt9zh6S.jpg,12:00 PM - 10:00 PM,2:00 PM - 10:00 PM,12:00 PM - 10:00 PM,12:00 PM - 10:00 PM,2:00 PM - 10:00 PM,CLOSED,2:00 PM - 10:00 PM,https://www.yelp.com/biz/middleton-brewing-san-marcos-3,"No Reservations,No Takeout,Many Vegetarian Options,Accepts Credit Cards,Accepts Apple Pay,Outdoor Seating,Casual,Moderate Noise,Good for Groups,Private Lot Parking,Free Wi-Fi,Live Music,Beer & Wine Only,Smoking Outside Only,Offers Catering,Not Good For Dancing,No Pool Table,No TV,Bike Parking",https://www.facebook.com/middletonbrewingsmtx/,https://www.instagram.com/middletonbrewing/,$$,4.7,Brewery,Pub,,,,331,"Middleton Brewing welcomes all, whether you arrive on four legs or two, creating a warm and inclusive environment for everyone. Take a moment to savor a glass of your preferred brew, allowing your taste buds to guide your choice. For an extra touch of serenity, venture up to the rooftop, where you'll be greeted by breathtaking Hill Country views that complement the flavors of your beverage. The laid-back ambiance at Middleton Brewing is the perfect remedy for the fatigue of a day's exploration. Operating from Thursday to Monday, with opening hours extending from 2 pm to 10 pm on weekdays and starting from noon on weekends, Middleton caters to those seeking a leisurely escape. Don't miss the opportunity to enhance your experience with a Public Brew House Tour every Saturday at 2 pm, gaining insights into the craft that makes Middleton Brewing a standout destination."
651f38941f8d452578e363a2,railyardbarngrill,Railyard Bar And Grill,"116 S. Edward Gary Street, San Marcos, TX 78666",29.88137,-97.939,"Railyard Bar and Grill is a great place for the whole family to hang out, play and enjoy some good food. Get a drink from the full bar, relax and listen to live music and explore the spacious outdoor area with games for the whole crew.",5123927555,https://railyardbarandgrill.com,https://i.imgur.com/502ItF5.jpg,https://i.imgur.com/Er9tTLZ.jpg,https://i.imgur.com/UuEWN08.jpg,https://i.imgur.com/iQdK9n3.jpg,https://i.imgur.com/NNAwVnc.jpg,https://i.imgur.com/yTK9HSJ.jpg,https://i.imgur.com/ws8oqG5.jpg,12:00 PM - 2:00 AM,4:00 PM - 12:00 AM,12:00 PM - 2:00 AM,12:00 PM - 12:00 AM,4:00 PM - 12:00 AM,4:00 PM - 12:00 AM,4:00 PM - 12:00 AM,https://www.yelp.com/biz/railyard-bar-and-grill-san-marcos,"Offers Takeout,No Reservations,Vegan Options,Many Vegetarian Options,Accepts Credit Cards,Accepts Apple Pay,Outdoor Seating,Casual,Moderate Noise,Good for Groups,Good For Kids,Good for Lunch, Dinner,Pool Table,Private Lot Parking,Waiter Service,Free Wi-Fi,Live Music,Best nights on Thursday,Best nights on Friday,Best nights on Saturday,Happy Hour Specials,Full Bar,Smoking Outside Only,TV,Offers Catering,Not Good For Dancing,No Drive-Thru,Bike Parking",https://www.facebook.com/profile.php?id=227801880609841,https://www.instagram.com/railyardsmtx/,$$,4.1,American (Traditional),Mexican,Sports Bar,Bar,Grill,689,"At Railyard Bar and Grill, the spirit of family-friendly fun comes alive in a welcoming atmosphere that caters to all ages. Gather your loved ones for a memorable outing where the options are as diverse as the smiles around. Sip on a refreshing beverage from our full bar, unwind, and let the live music set the perfect backdrop for relaxation. The spacious outdoor area beckons exploration, offering a playground of games for the entire crew to enjoy. Whether it's a casual meal, lively playtime, or simply soaking in the vibrant ambiance, Railyard Bar and Grill ensures a delightful experience where good food and great company seamlessly intertwine."
651f3a0b1f8d452578e363ad,veranda,The Veranda Roof Top Patio,"139 E. Hopkins Street, San Marcos, TX 78666",29.8834,-97.94053,Enjoy the best view of Downtown San Marcos at Veranda! 360 degrees views of San Marcos from the top of Harper's Public House.,5128782448,https://www.facebook.com/HarpersVerandaSMTX/,https://i.imgur.com/FFi8U1r.png,https://i.imgur.com/wdfhhEr.jpg,,,,,,1:30 PM – 12:00 AM,5:00 PM – 12:00 AM,12:30 PM -  2:00 AM,12:30 PM -  12:00 AM,3:00 PM – 12:00 AM,3:00 PM – 12:00 AM,3:00 PM – 12:00 AM,https://www.yelp.com/biz/the-veranda-san-marcos,"No Reservations,Accepts Credit Cards,Outdoor Seating,Loud,Good for Groups,Pool Table,Best nights on Thursday,Best nights on Friday,Best nights on Saturday,Full Bar,TV,Bike Parking",https://www.facebook.com/HarpersVerandaSMTX/,https://www.instagram.com/harpers.veranda.snappaheads/,$,3.5,Lounge,Bar,,,,46,"Elevate your perspective and immerse yourself in the unrivaled charm of Downtown San Marcos at Veranda. Perched atop Harper's Public House, this elevated oasis offers a breathtaking 360-degree panorama of the cityscape, providing an unparalleled view that captures the essence of San Marcos. Whether you're indulging in a delightful meal or sipping on a refreshing beverage, the immersive experience of Veranda is heightened by the sweeping vistas that stretch in every direction. Revel in the best view in town as you unwind in this elevated haven, where the scenic allure of Downtown San Marcos unfolds in every direction."
651cdf61f721dadd5abf223b,codys,Cody's Restaurant Bar & Patio,"690 Centerpoint Road (Suite 209), San Marcos, TX 78666",29.82858,-97.98707,"Cody's provides a relaxing and cozy atmosphere, great music and a fresh full menu with specialty drinks, wine and beer. Relax on the patio and watch the hill country sunset. We take pride in not only the presentation and quality of our cuisine, but also the first-class service that comes along with it. ",5123932867,https://www.codyssmtx.com/,https://i.imgur.com/9yUHeXv.jpg,https://i.imgur.com/MQg92FW.png,https://i.imgur.com/kZZkCL8.png,https://i.imgur.com/wrMQVjl.png,https://i.imgur.com/3LvZ86q.png,https://i.imgur.com/mxReCtP.jpg,https://i.imgur.com/hbzmAuX.png,11:30 AM - 10:00 PM,CLOSED,11:30 AM - 10:00 PM,CLOSED,11:30 AM - 10:00 PM,4:00 PM - 10:00 PM,4:00 PM - 10:00 PM,https://www.yelp.com/biz/codys-restaurant-bar-and-patio-san-marcos-3,"Accepts Android Pay,Accepts Apple Pay,Accepts Credit Cards,Best nights on Thursday, Friday, Saturday,Casual Dress,Covered Outdoor Seating,Dogs Not Allowed,Free Wi-Fi,Full Bar,Good For Kids,Good for Groups,Good for Lunch, Dinner,Happy Hour Specials,Heated Outdoor Seating,Intimate,Moderate Noise,Many Vegetarian Options,No Bike Parking,No Delivery,No Drive-Thru,No Pool Table,No Reservations,Offers Catering,Offers Takeout,Private Dining,Private Lot Parking,Smoking Outside Only,Takes Reservations,TV,Vegan Options,Waiter Service,Wheelchair Accessible",https://www.facebook.com/CodysSMTX/,https://www.instagram.com/codyssmtx/,$$$,4.6,Lounge,American (New),Cocktail Bar,Bar,,703,"Cody's beckons with a welcoming ambiance, a harmonious blend of great music, and a delectable menu designed to tantalize your taste buds. Immerse yourself in the comfort of a relaxing and cozy setting as you explore the extensive offerings, including specialty drinks, a curated wine selection, and an array of beers. Feel the stress of the day melt away on the patio, where you can unwind while catching the breathtaking hill country sunset. Cody's caters to your schedule, open from 11 am to 11 pm Monday through Wednesday, extending the evening hours until midnight on Thursday to Saturday. Indulge in the full lunch and dinner menu available until 10:00 pm, ensuring that every visit to Cody's is a delightful and fulfilling experience."
651f36481f8d452578e36394,idontknowbar,I Don't Know Bar,"650 E. Hopkins Street, San Marcos, TX 78666",29.88491,-97.92496,"Pool, darts and lots of TV's with all the sports channels. I Don't Know Bar is open early and closes late. Monday-Friday 1pm-2am Saturday-Sunday 12pm-2am",5123961964,https://www.facebook.com/p/I-Dont-Know-Bar-100057188511171/,https://i.imgur.com/f8YorJc.png,https://i.imgur.com/8n1vXM4.png,https://i.imgur.com/8AccL5R.png,,,,,11:30 AM - 1:30 AM,12:00 PM - 2:00 AM,12:00 PM - 2:00 AM,12:00 PM - 2:00 AM,12:00 PM - 2:00 AM,12:00 PM - 2:00 AM,12:00 PM - 2:00 AM,https://www.yelp.com/biz/i-dont-know-bar-san-marcos,"No Reservations,Accepts Credit Cards,Very Loud,Good For Dancing,Pool Table,Private Lot Parking,Paid Wi-Fi,DJ,Full Bar,Smoking Outside Only,TV,No Outdoor Seating,Not Good For Groups,No Bike Parking",https://www.facebook.com/p/I-Dont-Know-Bar-100057188511171/,,$,3.9,Dive Bar,Pool Hall,Bar,,,239,"Dive into the ultimate sports and leisure experience at I Don't Know Bar, where entertainment knows no bounds. With a plethora of pool tables, dartboards, and numerous TVs tuned to all the sports channels, enthusiasts can revel in a haven dedicated to games and camaraderie. I Don't Know Bar caters to early birds and night owls alike, opening its doors at 1 pm on weekdays and at noon on weekends, ensuring non-stop fun until the late hours, with a closing time of 2 am. Whether you're seeking a casual game of pool, competitive rounds of darts, or catching the latest sports action on the big screens, I Don't Know Bar provides an inviting space for enthusiasts to unwind and enjoy their favorite pastimes."
651f355d1f8d452578e3638f,fullmoonsaloon,Full Moon Saloon,"16480 Texas Hwy 123, San Marcos, TX 78666",29.80095,-97.9452,"Full Moon Saloon is where to go in San Marcos when you want to unwind and enjoy a drink. They offer a full bar, friendly atmosphere and good service. They have plenty of TVs for those of you who want to enjoy watching your favorite team play, pool tables and dart boards. You'll enjoy the menu of appetizers they offer to go along with whatever your drink of choice may be. There's no need to worry about having to spend a fortune to indulge yourself in the many drinks that are available. The cost of drinks is reasonable, and the quality is superb.",5123962288,https://www.facebook.com/p/Fullmoon-Saloon-100042368575950/,https://i.imgur.com/PmWRvOr.jpg,https://i.imgur.com/FmUYBsF.jpg,https://i.imgur.com/bsoqLGp.png,https://i.imgur.com/LKcUoew.png,https://i.imgur.com/2i0VHOL.png,https://i.imgur.com/glwgFtl.png,,4:00 PM - 12:00 AM,4:00 PM - 12:00 AM,4:00 PM - 1:00 AM,4:00 PM - 12:00 AM,4:00 PM - 12:00 AM,4:00 PM - 12:00 AM,4:00 PM - 12:00 AM,https://www.yelp.com/biz/full-moon-saloon-san-marcos,Good for Groups,https://www.facebook.com/p/Fullmoon-Saloon-100042368575950/,,$,4.1,Beer Bar,Bar,,,,105,"Escape to relaxation at Full Moon Saloon, the go-to spot in San Marcos for unwinding and indulging in a well-deserved drink. Boasting a complete bar, a welcoming atmosphere, and friendly service, Full Moon Saloon sets the stage for a laid-back and enjoyable experience. Sports enthusiasts can catch their favorite teams on the numerous TVs, while the presence of pool tables and dartboards adds an extra layer of entertainment. Complement your drink of choice with a delectable array of appetizers from the menu. Fear not about breaking the bank, as Full Moon Saloon offers reasonably priced drinks without compromising on quality, ensuring that your night out is not only enjoyable but also affordable."
651f366e1f8d452578e36396,jacksroadhouse,Jack's Roadhouse,"1625 Hunter Road, San Marcos, TX 78666",29.87081,-97.95864,"Looking for a place to kick back, relax and enjoy a cold one (or two)? Jack's Roadhouse is just the place! With covered porch seating, live music and a full service bar, you're sure to be in for a good time.",5122148511,https://www.facebook.com/jacksroadhouse.sanmarcos/,https://i.imgur.com/OLiuFqs.png,https://i.imgur.com/38aYnpX.png,https://i.imgur.com/6LzGfNz.jpg,https://i.imgur.com/qHwyH9o.jpg,https://i.imgur.com/nSFqI5W.png,https://i.imgur.com/nuX3BVJ.png,,2:00 PM - 2:00 AM,2:00 PM - 2:00 AM,12:00 PM - 2:00 AM,12:00 PM - 2:00 AM,2:00 PM - 2:00 AM,2:00 PM - 2:00 AM,2:00 PM - 2:00 AM,https://www.yelp.com/biz/jacks-roadhouse-san-marcos,"No Reservations,Accepts Credit Cards,Outdoor Seating,Divey,Casual,Loud,Good for Groups,Pool Table,Private Lot Parking,Free Wi-Fi,Live Music,Best nights on Monday,Best nights on Friday,Best nights on Saturday,Beer & Wine Only,Smoking Allowed,TV,Not Good For Dancing,Bike Parking",https://www.facebook.com/jacksroadhouse.sanmarcos/photos/,https://www.instagram.com/explore/locations/514277611/jacks-roadhouse-san-marcos/,$,4.3,Bar,,,,,338,"Discover the perfect haven for unwinding and savoring a cold beverage or two at Jack's Roadhouse. This laid-back establishment invites you to kick back and relax in style, offering the charm of covered porch seating that sets the stage for a leisurely experience. Immerse yourself in the rhythms of live music, creating a vibrant backdrop that elevates your time at Jack's. The full-service bar ensures that your drink preferences are met with expertise, promising a good time surrounded by a welcoming atmosphere. Whether you're seeking a casual afternoon or an evening of entertainment, Jack's Roadhouse beckons with the promise of relaxation and a memorable experience."
651f38671f8d452578e363a0,puttpub,Putt Pub,"307 S. LBJ Drive, San Marcos, TX 78666",29.87933,-97.93925,"Two full bars, indoor and outdoor seating, tasty food trucks, games, and, of course, an 18-hole miniature golf course - Putt Pub is a great place for the kids at heart. This laid-back neighborhood bar is full of fun surprises (like a seesaw!) and you're always in for a good time.",5122229838,http://www.puttpub.com,https://i.imgur.com/p6Wqpx5.jpg,https://i.imgur.com/3eS1otI.png,https://i.imgur.com/kPbDhjB.jpg,https://i.imgur.com/c4BoE9Q.jpg,https://i.imgur.com/14SxE5d.png,https://i.imgur.com/1Ecuc5W.jpg,,1:00 PM - 2:00 AM,3:00 PM - 12:00 AM,1:00 PM - 2:00 AM,1:00 PM - 12:00 AM,3:00 PM - 12:00 AM,3:00 PM - 12:00 AM,3:00 PM - 12:00 AM,https://www.yelp.com/biz/putt-pub-san-marcos,"Outdoor Seating,Street Parking,Private Lot Parking,Happy Hour Specials",https://www.facebook.com/puttpub/,https://www.instagram.com/puttpub/,$,4.6,Bar,Mini Golf,Venue,Event Space,,233,"Embark on a whimsical adventure at Putt Pub, where the spirit of playfulness comes alive in every corner. Featuring not one, but two full bars, the choice between indoor and outdoor seating, and a tempting array of tasty food trucks, this laid-back neighborhood bar caters to the young at heart. Unleash your inner child on the 18-hole miniature golf course that adds a delightful twist to your visit. With surprises like a seesaw and an atmosphere brimming with charm, Putt Pub ensures that every moment is infused with a sense of joy. Whether you're gathering with friends or looking for family-friendly fun, this establishment guarantees a good time filled with laughter, games, and the carefree spirit of a memorable outing."
651cdf6ef721dadd5abf223c,crafthouse,Crafthouse Kitchen And Tap,"242 N. LBJ Drive (Suite 103), San Marcos, TX 78666",29.88426,-97.94011,"Looking for good food, excellent drinks, a great atmosphere and conveniently located in the heart of Downtown San Marcos? Crafthouse is just the spot! Crafthouse has flexible seating from booths, chairs and tables to pub tables with barstools. Our goal is to provide you with the freshest ingredients and we source with local vendors as a top priority. ",5126676700,https://www.crafthousetx.com,https://i.imgur.com/EvR9bnt.png,https://i.imgur.com/YRTRhV8.png,https://i.imgur.com/uy4D1k4.png,https://i.imgur.com/kn18A2Z.jpg,https://i.imgur.com/9swev5p.jpg,https://i.imgur.com/sKlmyQ0.jpg,https://i.imgur.com/bWxL4oi.png,11:00 AM - 12:00 AM,11:00 AM - 12:00 AM,10:00 AM - 12:00 AM,10:00 AM - 12:00 AM,11:00 AM - 12:00 AM,11:00 AM - 12:00 AM,11:00 AM - 12:00 AM,https://www.yelp.com/biz/crafthouse-san-marcos,"Accepts Credit Cards,Bike Parking,Casual,Not Accepts Apple Pay,Free Wi-Fi,Full Bar,Good For Brunch,Good For Groups,Good For Kids,Good For Lunch,Good For KidsDinner,Loud,No Reservations,Offers Catering,Offers Takeout,Outdoor Seating,Street Parking,Trendy,TV,Vegan Options,Waiter Service",https://www.facebook.com/Crafthousetx/,https://www.instagram.com/crafthousetx/,$$,3.9,American (New),Gastropub,Pub,,,804,"Satisfy your cravings for a perfect dining experience at Crafthouse, where good food, excellent drinks, and a captivating atmosphere converge seamlessly in the heart of Downtown San Marcos. This culinary haven invites you to indulge in a symphony of flavors, accompanied by a selection of superb drinks that complement the vibrant ambiance. Conveniently situated, Crafthouse becomes more than just a spot; it's a destination where culinary excellence meets a delightful atmosphere, ensuring that your dining experience is nothing short of exceptional. Whether you're seeking a casual meal or celebrating a special occasion, Crafthouse awaits, ready to elevate your taste buds and immerse you in the charm of Downtown San Marcos."
651cdf78f721dadd5abf223d,davenport,The Davenport,"194 S. Guadalupe Street, San Marcos, TX 78666",29.88033,-97.94129,"Great tunes, delicious food, tantalizing libations, FUR-BABE friendly with large outdoor patio seating for your “people watching” pleasure! From scotch to bourbon, martinis to cocktails, beer to wine, seasonal menus to ""mocktails"". We have RAD knowledgeable Staff who help create it all. Come getchyo LOUNGE on!",,https://www.thedavenportlounge.com,https://i.imgur.com/sAQ9AzN.jpg,https://i.imgur.com/PQH4KUo.png,https://i.imgur.com/J3BLWvJ.jpg,https://i.imgur.com/cM6xO7N.jpg,https://i.imgur.com/KjZN0J9.jpg,https://i.imgur.com/NrjUJG3.jpg,https://i.imgur.com/Z5LF9LF.jpg,12:00 PM - 2:00 AM,2:00 PM - 2:00 AM,11:00 PM - 2:00 AM,11:00 PM - 2:00 AM,2:00 PM - 2:00 AM,2:00 PM - 2:00 AM,2:00 PM - 2:00 AM,https://www.yelp.com/biz/the-davenport-san-marcos,"Classy,Happy Hour Specials,Live Music,Offers Takeout,Outdoor Seating",https://www.facebook.com/davenportsanmarcos/,https://www.instagram.com/davenportsanmarcos/,$$,4.6,Gastropub,Lounge,Cocktail Bar,Bar,Pub,182,"Experience an enchanting blend of entertainment and culinary delights at The Davenport, where the promise of a good time unfolds in every note, flavor, and sip. Live music sets the stage for an immersive auditory experience, complemented by a menu that boasts delicious and inventive fare. The bar at The Davenport takes libations to the next level, offering innovative and creative drinks that tantalize the taste buds. The outdoor seating, draped in a captivating atmosphere, provides the perfect backdrop for a leisurely evening, allowing patrons to bask in the ambiance while enjoying the delightful offerings. With a commitment to a vibrant and welcoming environment, The Davenport stands as a destination where the synergy of live music, delectable cuisine, and imaginative drinks guarantees an unforgettable and joyous experience for all."
651f35001f8d452578e3638e,freddycslounge,Freddy C's Lounge,"141 E. Hopkins Street, San Marcos, TX 78666",29.88346,-97.94043," Welcome to Freddy C’s, a hidden gem nestled in the heart of San Marcos, Texas. Our story is one of community, creativity, and a passion for serving unforgettable moments. Come enjoy your favorite sports on the largest HD screens in town or just sit back and relax as the fast and friendly staff take care of you.",5125570098,https://freddycssmtx.com/,https://i.imgur.com/lUQkWIG.jpg,https://i.imgur.com/CwOS2Ju.png,https://i.imgur.com/llWn7GN.jpg,https://i.imgur.com/MvVO3tc.jpg,https://i.imgur.com/5TshPU7.png,https://i.imgur.com/6HfQzPX.png,https://i.imgur.com/UsgngIu.jpg,2:00 PM - 2:00 AM,4:00 PM - 2:00 AM,2:00 PM - 2:00 AM,2:00 PM - 2:00 AM,4:00 PM - 2:00 AM,4:00 PM - 2:00 AM,4:00 PM - 2:00 AM,https://www.yelp.com/biz/freddy-cs-lounge-san-marcos,"Pool Table,TV",https://www.facebook.com/FreddyCsLounge/,https://www.instagram.com/freddy_c_smtx/,$,4.5,Lounge,Cocktail Bar,Bar,,,98,"Immerse yourself in the ultimate sports-watching experience at our venue, where we boast the largest HD screens in town for your viewing pleasure. Whether you're a dedicated fan or simply seeking a laid-back environment to unwind, our expansive screens ensure that you catch every thrilling moment of your favorite sports. Sit back and relax as our fast and friendly staff takes care of your needs, delivering a seamless and enjoyable experience. From the exhilarating highs to the nail-biting moments, our commitment to providing top-notch service and an unbeatable sports-viewing atmosphere makes our venue the perfect destination for both sports enthusiasts and those looking to unwind in a welcoming setting."
651f39311f8d452578e363a7,seanpatrick,Sean Patrick's Irish Pub & Texas Grub,"202 E. San Antonio Street (Suit 118), San Marcos, TX 78666",29.88211,-97.93946,Sean Patrick’s is all about the Irish pub and Texas grub! Grab yourself an order of Guinness Fish & Chips and a cold pint of Sean Patrick’s finest beer and enjoy the buzz of Downtown San Marcos.,5123927310,https://seanpatrickstx.com,https://i.imgur.com/RZxnHAk.jpg,https://i.imgur.com/fd6PWDa.jpg,https://i.imgur.com/MQ5vEPA.jpg,https://i.imgur.com/YCs3vem.jpg,https://i.imgur.com/8v89rfM.jpg,https://i.imgur.com/P4Ythf6.jpg,,11:00 AM – 12:00 AM,11:00 AM – 11:00 PM,Open 24 hours,11:00 AM – 10:00 PM,11:00 AM – 12:00 AM,11:00 AM – 11:00 PM,11:00 AM – 11:00 PM,https://www.yelp.com/biz/sean-patricks-irish-pub-texas-grub-san-marcos,"Offers Delivery,Offers Takeout,No Reservations,Accepts Credit Cards,Accepts Apple Pay,Outdoor Seating,Casual,Moderate Noise,Offers Catering,Good for Groups,Good for Lunch,Good for Dinner,Pool Table,Street Parking,Free Wi-Fi,Happy Hour Specials,Full Bar,TV,Not Good For Kids,Bike Parking",https://www.facebook.com/seanpatrickstx/,https://www.instagram.com/explore/locations/2184728/sean-patricks-irish-pub-n-texas-grub/,$$,4.4,Irish,Burgers,Sport Bar,Bar,,635,"Indulge in the best of Irish pub charm and Texas flavors at Sean Patrick's, where the spirit of the Emerald Isle meets the heartiness of Texan cuisine. Treat your taste buds to the savory delight of Guinness Fish & Chips, perfectly paired with a cold pint of Sean Patrick's finest beer. As you savor the rich flavors, immerse yourself in the lively buzz of Downtown San Marcos. Sean Patrick's captures the essence of camaraderie and good times, making it the go-to destination for those seeking a delicious blend of Irish authenticity and the warm hospitality of Texas."
651f39cf1f8d452578e363ab,treffstavern,Treff's Tavern,"804 Chestnut Street, San Marcos, TX 78666",29.89288,-97.94181,"Treff's Tavern, is your friendly neighborhood bar located right up North LBJ and just across from Texas State campus. Treff's Tavern is your one-stop haven whenever you need to get out of the house, take a break from work or school, or just need to get a cold one. Bring your friends, or just come up on your own and meet our great bar staff and regulars! You'll love our daily happy hour and nightly drink specials, as well as get caught up in our weekly events!",5123531594,https://www.treffstavern.com,https://i.imgur.com/sUsX0lh.png,https://i.imgur.com/ExcdOjy.jpg,https://i.imgur.com/em8iq7C.png,https://i.imgur.com/2JMSEBw.png,https://i.imgur.com/YkCTn0R.jpg,https://i.imgur.com/8Ss8Ksl.jpg,,12:30 PM -  2:00 AM,12:30 PM -  2:00 AM,12:30 PM -  2:00 AM,12:30 PM -  2:00 AM,12:30 PM -  2:00 AM,12:30 PM -  2:00 AM,12:30 PM -  2:00 AM,https://www.yelp.com/biz/treffs-tavern-san-marcos,"Takes Reservations,Accepts Credit Cards,Not Accepts Android Pay,Not Accepts Apple Pay,Not Accepts Cryptocurrency,Outdoor Seating,Loud,Good for Groups,Street Parking,Private Lot Parking,Free Wi-Fi,Juke Box,Happy Hour Specials,Full Bar,TV,No Pool Table,Bike Parking",https://www.facebook.com/treffstavern/,https://www.instagram.com/treffstavern/,$,4.4,Bar,,,,,253,"Nestled conveniently up North LBJ, Treff's Tavern stands as your go-to friendly neighborhood bar, just a stone's throw away from the Texas State campus. A haven for those seeking a break from the routine, Treff's Tavern welcomes you to unwind with a cold one, whether you're escaping the confines of home, taking a respite from work or school, or simply looking for good company. Whether you arrive with friends or venture solo, our amiable bar staff and welcoming regulars ensure you'll feel right at home. Don't miss out on our daily happy hour and nightly drink specials, creating the perfect backdrop for relaxation and camaraderie. Immerse yourself in the weekly events that keep the energy alive, as Treff's Tavern opens its doors from 12:30 pm to 2 am every day, providing a welcoming space for all your social and leisure needs."
651f3a161f8d452578e363ae,uproot,Uproot,"215 N. LBJ Drive, San Marcos, TX 78666",29.88372,-97.94044,"Nestled above the Root Cellar Cafe and a stone’s throw from the busy Square is UpRoot. It’s the perfect place for a cocktail before dinner, date night out to impress, or a solid start to a legendary evening.",5123925158,https://rootcellarcafe.com/san-marcos/uproot-bar.html,https://i.imgur.com/5a4vHWN.png,https://i.imgur.com/aj83Ltr.jpg,https://i.imgur.com/UYBF6B0.png,https://i.imgur.com/MiRXSED.png,https://i.imgur.com/s5b4d8b.jpg,https://i.imgur.com/djkbYKR.jpg,https://i.imgur.com/tm1Rndq.jpg,8:00 AM - 9:00 PM,CLOSED,8:00 AM - 9:00 PM,8:00 AM - 9:00 PM,8:00 AM - 9:00 PM,8:00 AM - 9:00 PM,8:00 AM - 9:00 PM,https://www.yelp.com/biz/the-root-cellar-cafe-san-marcos,"Offers Delivery,Offers Takeout,No Reservations,Vegan Options,Many Vegetarian Options,Accepts Credit Cards,Accepts Android Pay,Accepts Apple Pay,Not Accepts Cryptocurrency,Outdoor Seating,Casual,Moderate Noise,Offers Catering,Good for Groups,Good For Kids,Good for Breakfast,Good for Brunch,Good for Lunch,Dinner,Street Parking,Waiter Service,Full Bar,Dogs Allowed,Wheelchair Accessible,Gender-neutral restrooms,Offers Military Discount,Open to All,Covered Outdoor Seating,Private Dining,No Wi-Fi,No Happy Hour,No TV,No Heated Outdoor Seating,Bike Parking,Compostable containers available,Provides reusable tableware",https://www.facebook.com/RootCellarCafe/,https://www.instagram.com/rootcellarcafe/,$$,4.4,Breakfast & Brunch,American (New),Comfort Food,,,1730,"Perched above the bustling Root Cellar Cafe and just moments away from the lively Square, UpRoot beckons as the quintessential destination for those seeking an elevated experience. Whether you're looking for a sophisticated cocktail to precede a delightful dinner, planning a date night to impress, or aiming to kick off an evening destined for legend, UpRoot sets the stage for memorable moments. The intimate ambiance, strategic location, and curated offerings make it an ideal spot to embark on a journey of culinary excellence and refined enjoyment. Step into UpRoot and let its charm elevate your expectations for a night that promises sophistication and a touch of magic."
651f37131f8d452578e36398,lanikailounge,Lanikai Lounge & Tiki Room,"700 N. LBJ Drive (Suite 113),  San Marcos, TX 78666",29.89186,-97.94091,"Tiki Culture, Tropical Cocktails and Paradise vibes! LaniKai primarily serves tiki drinks and other classic cocktails. We also serve “small bites” of food with a Hawaiian and Asian fusion.",5122148222,https://www.lanikailounge.com,https://i.imgur.com/g8BgUdK.png,https://i.imgur.com/6eRKTqs.jpg,https://i.imgur.com/gS6N5Od.png,https://i.imgur.com/i22Vj0S.jpg,https://i.imgur.com/k0uuJUa.jpg,https://i.imgur.com/78xuGnC.png,https://i.imgur.com/Q9YOgSA.jpg,5:00 PM - 2:00 AM,CLOSED,4:00 PM - 2:00 AM,CLOSED,5:00 PM - 12:30 AM,5:00 PM - 12:30 AM,5:00 PM - 12:30 AM,https://www.yelp.com/biz/lanikai-lounge-san-marcos,Outdoor Seating,https://www.facebook.com/p/LaniKai-Lounge-100075881545334/,https://www.instagram.com/lanikailounge/,$$,4.7,Tiki Bar,Cocktail Bar,Lounge,Bar,,52,"Embark on a tropical escape at LaniKai, where the art of mixology takes center stage with a focus on tiki drinks and classic cocktails. Nestled within the vibrant concoctions are the flavors of a Hawaiian and Asian fusion, adding a distinctive touch to the ""small bites"" menu. Whether you're sipping on an intricately crafted tiki concoction or indulging in the delightful fusion of Hawaiian and Asian-inspired small bites, LaniKai promises a culinary journey that transports you to an island oasis. The ambiance, coupled with the carefully curated menu, makes LaniKai a destination where the spirit of the tropics converges with the sophistication of classic cocktails, offering a unique and immersive experience for every palate."
651f374e1f8d452578e36399,marc,The Marc,"120 E. San Antonio Street, San Marcos, TX 78666",29.88203,-97.94054,"With state-of-the-art sound, lighting and production equipment, three full-service bars, an upper-level balcony, a capacity of nearly 1,000 fans, two projector screens that show off the stage and a large dance floor - The Marc is a place you truly have to see and hear to believe!",5127873771,https://themarcsm.com,https://i.imgur.com/34FL1a5.jpg,https://i.imgur.com/pDtrBt9.jpg,https://i.imgur.com/3FgmV6D.jpg,https://i.imgur.com/mnz4KqP.jpg,https://i.imgur.com/OhpLWfW.jpg,https://i.imgur.com/LRXrpV0.png,,10:00 PM - 2:00 AM,CLOSED,10:00 PM - 2:00 AM,CLOSED,10:00 PM - 2:00 AM,10:00 PM - 2:00 AM,10:00 PM - 2:00 AM,https://www.yelp.com/biz/the-marc-san-marcos,"Accepts Credit Cards,Very Loud,Good for Groups,Street Parking,Live Music,Full Bar,TV,No Outdoor Seating,Not Good For Kids,No Bike Parking",https://www.facebook.com/TheMarcSM/,https://www.instagram.com/themarcsm/,$,3.1,Music Venue,,,,,141,"Step into a realm of entertainment excellence at The Marc, where the convergence of state-of-the-art sound, lighting, and production equipment sets the stage for an unparalleled experience. Boasting three full-service bars, an upper-level balcony offering panoramic views, and a sprawling dance floor, The Marc caters to nearly 1,000 fans with an atmosphere that seamlessly blends sophistication and excitement. Two expansive projector screens showcase the stage, ensuring every corner of the venue is immersed in the electrifying performances. A sensory feast for both the eyes and ears, The Marc stands as a testament to a venue that must be seen and heard to be believed, promising an unforgettable encounter with the pinnacle of live entertainment."
651f37a21f8d452578e3639c,mayloos,Mayloo's,"138 N. LBJ Drive, San Marcos, TX 78666",29.88307,-97.93984,A taste of the countryside in the heart of the city. Mayloo's has a full-service bar in a historic building on the square. Sit outdoors on the deck and enjoy a refreshing beverage.,5123933418,https://www.facebook.com/mayloossmtx,https://i.imgur.com/01Ibp5Q.jpg,https://i.imgur.com/sh7ZChK.png,https://i.imgur.com/4HW54YN.jpg,https://i.imgur.com/7T68cHn.png,https://i.imgur.com/orRya0G.jpg,https://i.imgur.com/4HW54YN.jpg,,7:00 PM - 2:00 AM,7:00 PM - 2:00 AM,7:00 PM - 2:00 AM,7:00 PM - 2:00 AM,7:00 PM - 2:00 AM,7:00 PM - 2:00 AM,7:00 PM - 2:00 AM,https://www.yelp.com/biz/mayloos-bar-san-marcos,"No Reservations,Accepts Credit Cards,Outdoor Seating,Divey,Loud,Good for Groups,Best nights on Thursday, Best nights on Friday,Best nights on Saturday,Full Bar,TV,Not Good For Dancing,No Pool Table,No Wi-Fi,No Smoking,Not Wheelchair Accessible,No Bike Parking",https://www.facebook.com/mayloossmtx/,https://www.instagram.com/mayloosbar_smtx/,$,3.8,Bar,,,,,103,"Nestled within a historic building on the square, Mayloo's beckons with its inviting charm and a full-service bar that promises an array of libations to satisfy every palate. For those seeking a breath of fresh air, the outdoor deck provides an idyllic setting to bask in the ambiance of the surroundings while indulging in a refreshing beverage. Whether you're looking for a casual drink with friends or a tranquil escape to enjoy the outdoors, Mayloo's harmoniously combines the allure of history, the warmth of its setting, and a well-stocked bar, creating a haven for those in search of both relaxation and delightful libations."
651f39631f8d452578e363a9,showdown,Showdown,"207 E. Hutchison Street, San Marcos, TX 78666",29.88463,-97.93998,"For decades, Showdown has been a staple hangout for locals and students alike. The laid-back environment with cheap drinks, good people and plenty to do makes Showdown an ideal bar to call home. Stop by for a drink and find your home at Showdown! Grill Hours: Monday - Saturday: 11am - 1am Sunday: 12pm - 1am",5123927282,https://www.instagram.com/showdownsmtx/,https://i.imgur.com/bqgYB0Z.jpg,https://i.imgur.com/sAUXzSB.png,https://i.imgur.com/z915VfY.jpg,https://i.imgur.com/gBuZQNK.jpg,https://i.imgur.com/SzhP2Vt.jpg,https://i.imgur.com/WjSRBNx.jpg,,10:00 AM -  2:00 AM,10:00 AM -  2:00 AM,10:00 AM -  2:00 AM,10:00 AM -  2:00 AM,10:00 AM -  2:00 AM,10:00 AM -  2:00 AM,10:00 AM -  2:00 AM,https://www.yelp.com/biz/showdown-san-marcos,"No Reservations,Accepts Credit Cards,Not Accepts Apple Pay,Not Accepts Cryptocurrency,Hipster,Divey,Casual,Loud,Good for Groups,Pool Table,Street Parking,Free Wi-Fi,Juke Box,Happy Hour Specials,Full Bar,TV,No Outdoor Seating,Bike Parking",,https://www.instagram.com/showdownsmtx/,$,4.7,Dive Bar,Bar,,,,334,"For generations, Showdown has stood as a beloved sanctuary for both locals and students, solidifying its status as a cherished hangout. The enduring appeal lies in its laid-back ambiance, where the combination of affordable drinks, friendly faces, and an abundance of activities makes Showdown the quintessential bar to call home. Whether you're seeking a casual drink, vibrant conversations, or a place to unwind, Showdown welcomes all with open arms. The expansive grill hours from 11 am to 1 am, Monday through Saturday, and 12 pm to 1 am on Sundays, ensure that the comforting embrace of Showdown is ready to welcome you home whenever you decide to drop by."
651f3a461f8d452578e363b0,wildfire,Wildfire,"141 E. Hopkins Street, San Marcos, TX 78666",29.88346,-97.94043,Wildfire is a nightclub located in the heart of San Marcos offering a full bar with various local DJs and events.,9566818713,https://www.instagram.com/thewildfiresmtx/,https://i.imgur.com/8QbgeLN.png,https://i.imgur.com/9vFCRFM.jpg,https://i.imgur.com/VUWQKpH.jpg,,,,,9:00 PM -  2:00 AM,CLOSED,9:00 PM -  2:00 AM,9:00 PM -  2:00 AM,9:00 PM -  2:00 AM,9:00 PM -  2:00 AM,9:00 PM -  2:00 AM,,,,https://www.instagram.com/thewildfiresmtx/,$,4.3,Bar,,,,,3,"Nestled in the vibrant heart of San Marcos, Wildfire stands as the go-to nightclub, a pulsating hub of entertainment where the night comes alive. With a full bar at its epicenter, Wildfire invites patrons to savor a diverse selection of libations while immersing themselves in the beats curated by various local DJs. This hotspot isn't just a venue; it's an experience, offering a dynamic atmosphere fueled by an array of events that promise to elevate your night out. Whether you're seeking the latest hits or the beats of local talent, Wildfire sets the stage for an electrifying night on the town."
651cdf84f721dadd5abf223e,evo,Evo Entertainment At Springtown,"1180 Thorpe Lane, San Marcos, TX 78666",29.88784,-97.92331,"A true social hub & entertainment destination, EVO features a six-screen dine-in cinema with all luxury recliner seating and food and drink service right to your seat, eight lanes of boutique bowling, a full-service restaurant, arcade and board games, as well as an innovative craft cocktail bar.",5122108600,https://www.evocinemas.com/sanmarcos,https://i.imgur.com/mf9Yl5N.jpg,https://i.imgur.com/acObg0b.jpg,https://i.imgur.com/inHQef9.jpg,https://i.imgur.com/YuYXnrO.jpg,https://i.imgur.com/iRMaozW.jpg,https://i.imgur.com/zZeHtfA.jpg,https://i.imgur.com/MOTdPSU.png,12:00 PM - 11:00 PM,12:00 PM - 9:00 PM,10:00 AM - 11:00 PM,10:00 AM - 9:00 PM,12:00 PM - 9:00 PM,12:00 PM - 9:00 PM,12:00 PM - 9:00 PM,https://www.yelp.com/biz/evo-entertainment-springtown-san-marcos-2,"Accepts Credit Cards,Bike Parking,Dogs Not Allowed,Free Wi-Fi,Good For Kids,Private Lot Parking,Wheelchair Accessible",https://www.facebook.com/evospringtown/,,$$,4.4,Cinema,Bowling,Arcade,Bar,,1852,"EVO transcends the traditional movie-going experience, emerging as a genuine social hub and entertainment destination. Revel in the luxury of a six-screen dine-in cinema, where plush recliner seating and personalized food and drink service elevate your viewing pleasure. The entertainment options extend beyond the silver screen, with eight lanes of boutique bowling inviting friendly competition and an arcade offering a nostalgic throwback to classic games. A full-service restaurant caters to culinary cravings, while board games add a touch of interactive charm. The experience culminates at the innovative craft cocktail bar, where expertly crafted beverages enhance the vibrant atmosphere of this multifaceted venue. EVO is more than a cinema; it's a dynamic space where luxury, entertainment, and socializing seamlessly converge."
651f35be1f8d452578e36391,growling,The Growling,"700 N. LBJ Drive (Suite 111), San Marcos, TX 78666",29.89186,-97.94091,"There are 27 Texas breweries represented on the tap wall from all five regions of the state. Drink a pint or share a growler with your friends at the bar, or purchase your beer to-go. They also offer plastic growlers for your float down the river or classic glass growlers and fancy porcelain growlers for those special occasions.",5122166044,http://www.thegrowling.com,https://i.imgur.com/eYv0OeU.jpg,https://i.imgur.com/vxT0DnC.png,https://i.imgur.com/jjOlpRv.jpg,https://i.imgur.com/DCzts4d.jpg,https://i.imgur.com/NDurS1K.jpg,https://i.imgur.com/JDYxUFZ.png,,2:00 PM - 12:00 AM,2:00 PM - 12:00 AM,2:00 PM - 1:00 AM,2:00 PM - 12:00 AM,2:00 PM - 12:00 AM,2:00 PM - 12:00 AM,2:00 PM - 12:00 AM,https://www.yelp.com/biz/the-growling-san-marcos,"No Reservations,Accepts Credit Cards,Not Accepts Apple Pay,Outdoor Seating,Divey,Hipster,Casual,Good for Groups,Pool Table,Private Lot Parking,Free Wi-Fi,Live Music,Best nights on Thursday,Friday,Saturday,Beer & Wine Only,Wheelchair Accessible,TV,Not Good For Dancing,Bike Parking",https://www.facebook.com/thegrowlingsanmarcos/,https://www.instagram.com/thegrowlingtexasbeerbar/,$$,4.7,Beer Bar,Bar,,,,158,"Embark on a flavorful journey through the diverse landscapes of Texas at this beer haven, where the tap wall proudly showcases the craftsmanship of 27 breweries hailing from all five regions of the state. Indulge in the camaraderie of friends at the bar, savoring pints of expertly crafted brews or sharing a growler to enhance the communal experience. For those eager to take the Texas spirit on the go, the option to purchase beer to-go is readily available. Adventure-seekers can opt for plastic growlers for a leisurely float down the river, while those marking special occasions can choose from the classic glass or elegant porcelain growlers, ensuring that every beer-lover's preference is catered to with style and variety."
651f37621f8d452578e3639a,martindalerivercafe,Martindale River Cafe,"415 Main Street, Martindale, TX 78655",29.83961,-97.84362,"Beer. Wine. Coffee. Fun. Sammies. Snacks. Music. Gifts. Good friends and good times in magical, mystical, Martindale.",5123574277,https://www.martindalerivercafe.com,https://i.imgur.com/45UUgv3.png,https://i.imgur.com/wBkJIrx.png,https://i.imgur.com/VWEPRGl.jpg,https://i.imgur.com/cLcNsAt.png,https://i.imgur.com/ZvrGOSz.png,https://i.imgur.com/rOpzJYE.png,,9:00 AM - 10:00 PM,CLOSED,9:00 AM - 10:00 PM,9:00 AM - 5:00 PM,9:00 AM - 10:00 PM,CLOSED,CLOSED,https://www.yelp.com/biz/martindale-river-cafe-and-mercantile-martindale-2,"Offers Delivery,Offers Takeout,No Reservations,Accepts Credit Cards,Outdoor Seating,Casual,Intimate,Good for Groups,Good For Kids,Good for Brunch,Free Wi-Fi,Beer & Wine Only",https://www.facebook.com/martindalerivercafe/,https://www.instagram.com/martindalerivercafe/,$$,4.8,Cafe,,,,,150,"In the enchanting realm of Martindale, a multifaceted haven unfolds, where the simple pleasures of life converge. Revel in the delightful trifecta of beer, wine, and coffee, creating a symphony of flavors to suit every palate. The atmosphere pulses with fun, accompanied by the savory allure of sammies and snacks that elevate the culinary experience. As music weaves through the air, and laughter resonates, the magic of Martindale unfolds in every sip and bite. This haven is not just a place; it's a destination where good friends gather, creating memories that linger as gifts of cherished moments. In Martindale, the spirit of camaraderie meets the essence of good times, ensuring that each visit to this mystical retreat is an invitation to experience the extraordinary in the ordinary."
651f38421f8d452578e3639f,porch,The Porch,"129 E. Hopkins Street, San Marcos, TX 78666",29.88339,-97.94065,"The Porch offers 55 different craft beers and features several televisions, including a 360-degree display at the bar.",5123929824,https://www.taproomsanmarcos.com,https://i.imgur.com/iGUBWI7.jpg,https://i.imgur.com/rdbjPeJ.jpg,https://i.imgur.com/1McMlPR.jpg,https://i.imgur.com/DsXFEiz.jpg,https://i.imgur.com/khwVnf6.jpg,https://i.imgur.com/XcxkHD7.png,https://i.imgur.com/zOCpuqJ.jpg,4:00 PM - 2:00 AM,4:00 PM - 2:00 AM,11:00 AM - 2:00 AM,11:00 AM - 2:00 AM,4:00 PM - 2:00 AM,4:00 PM - 2:00 AM,4:00 PM - 2:00 AM,https://www.yelp.com/biz/the-porch-san-marcos,"No Reservations,Accepts Credit Cards,Not Accepts Cryptocurrency,Outdoor Seating,Casual,Moderate Noise,Good for Groups,Pool Table,Street Parking,Free Wi-Fi,Happy Hour Specials,Full Bar,Smoking Allowed,Wheelchair Accessible,TV,Covered Outdoor Seating,No Heated Outdoor Seating,No Bike Parking",https://www.facebook.com/theporchsmtx/,https://www.instagram.com/theporchsmtx/,$$,4.3,Sport Bar,Lounge,Bar,,,153,"At The Porch, beer enthusiasts find themselves in a craft beer utopia with an impressive selection of 55 distinct brews to explore. The ambiance is a perfect blend of conviviality and entertainment, thanks to several strategically placed televisions throughout the venue. Notably, the bar boasts a captivating 360-degree display, ensuring that patrons can catch every moment of their favorite shows or sports events while savoring the diverse array of craft beers. The Porch becomes not just a drinking spot but an immersive experience where the world of craft beer meets cutting-edge visual technology, promising a dynamic and enjoyable outing for beer aficionados and casual patrons alike."
651f38871f8d452578e363a1,ragnarscompound,Ragnar's On The Compound,"6900 Ranch Road 12, San Marcos, TX 78666",29.92461,-98.06175,"Ragnar's On The Compound is an indoor bar that is part of The Southern Compound, which is a 6-acre outdoor music venue. Crank the amps up to 11, and get ready to rock! The best sound and light system around on both the outdoor and indoor stages will leave you electrified and wanting more. ",5129949890,https://www.ragnarsotc.com,https://i.imgur.com/rDlMpuK.jpg,https://i.imgur.com/4QAQaWA.jpg,https://i.imgur.com/LmFwBwZ.jpg,https://i.imgur.com/WePcnMz.jpg,https://i.imgur.com/l6aX51a.jpg,,,7:00 PM - 2:00 AM,CLOSED,7:00 PM - 2:00 AM,CLOSED,CLOSED,CLOSED,CLOSED,,"Good for Groups,Free Wi-Fi,Live Music,Very Loud",https://www.facebook.com/RagnarsOnTheCompound/,https://www.instagram.com/ragnarsonthecompound/,$,4.8,Bar,Music Venue,,,,94,"Enter the dynamic world of Ragnar's On The Compound, an indoor bar seamlessly integrated into The Southern Compound, a sprawling 6-acre outdoor music venue. As the amps are cranked up to 11, the atmosphere becomes charged with an electric energy, setting the stage for an unforgettable rock experience. The venue boasts the pinnacle of sound and light systems on both outdoor and indoor stages, ensuring that every note resonates with unparalleled clarity and intensity. Whether you're reveling in the expansive outdoor setting or seeking the more intimate vibe indoors, Ragnar's promises a sonic and visual feast that leaves you electrified and eager for an encore."
651f38d21f8d452578e363a4,rileystavern,Riley's Tavern,"8894 FM 1102, New Braunfels, TX 78132",29.80627,-98.02359,"Did you know that Riley's was the first Texas establishment to get a beer license after prohibition ended in 1933? It's been a go-to watering hole ever since! Enjoy good food, great drinks, and of course, lots of wonderful live music.",5123923132,https://www.rileystavern.com,https://i.imgur.com/DV1gkf6.png,https://i.imgur.com/Jbm2Nu7.png,https://i.imgur.com/joSf631.jpg,https://i.imgur.com/ezchslA.jpg,https://i.imgur.com/J7EShIP.jpg,https://i.imgur.com/BXm8rNn.jpg,https://i.imgur.com/GrWXDe4.jpg,1:00 PM - 12:00 AM,1:00 PM - 12:00 AM,1:00 PM - 1:00 AM,1:00 PM - 12:00 AM,1:00 PM - 12:00 AM,1:00 PM - 12:00 AM,1:00 PM - 12:00 AM,https://www.yelp.com/biz/rileys-tavern-hunter,"No Reservations,Accepts Credit Cards,Not Accepts Android Pay,Not Accepts Apple Pay,Outdoor Seating,Divey, Casual,Very Loud,Good for Groups,Good For Dancing,Pool Table,Private Lot Parking,Juke Box,Live Music,Best nights on Friday, Saturday,Full Bar,Smoking Outside Only,TV,Not Good For Kids,No Wi-Fi,Bike Parking",https://www.facebook.com/RileysTavern/,https://www.instagram.com/rileys_tavern/,$,4.7,Music Venue,Dive Bar,Bar,,,603,"Step into a piece of Texas history at Riley's, a landmark that proudly holds the distinction of being the first establishment in the state to acquire a beer license after the end of prohibition in 1933. Since then, Riley's has etched itself into the fabric of the community as a timeless watering hole, offering a haven for those seeking good food, great drinks, and a generous dose of wonderful live music. The echoes of the past mingle with the lively present as patrons gather to enjoy the unique charm and enduring hospitality that define Riley's, making it a go-to destination where history and entertainment seamlessly converge."
651cdf10f721dadd5abf2238,chancesr,Chances R,"138 S. LBJ Drive, San Marcos, TX 78666",29.88149,-97.94025,"We are Chances “R.” The oldest continuous liquor establishment in San Marcos. We started as Hutton’s Key club then the Angnew Club, L.O.’s, and The Restless Wind. It stayed the Restless Wind for fifty years and become Chances “R” in 2013. The current owners have had the Restless Wind – Chances “R” for forty seven years.",5123921727,https://www.chancesrbarsm.com/,https://i.imgur.com/NxRk7dm.png,https://i.imgur.com/E63OIGc.png,https://i.imgur.com/52ky36U.jpg,https://i.imgur.com/OZUb7xZ.jpg,https://i.imgur.com/1ri0VCt.png,,,3:00 PM – 2:00 AM,3:00 PM – 2:00 AM,4:00 PM – 2:00 AM,4:00 PM – 2:00 AM,3:00 PM – 2:00 AM,3:00 PM – 2:00 AM,3:00 PM – 2:00 AM,https://www.yelp.com/biz/chances-r-san-marcos,"No Reservations,Accepts Credit Cards,Divey,Moderate Noise,Good for Groups,Pool Table,Full Bar,TV,No Outdoor Seating,Not Good For Dancing,No Wi-Fi,Bike Parking",https://www.facebook.com/chancesrsanmarcos/,https://www.instagram.com/chancesrbar/,$,4.5,Cocktail Bar,Lounge,Bar,,,138,"Welcome to Chances ""R,"" a legendary establishment that stands as the oldest continuous liquor haven in San Marcos, boasting a rich history that spans several iconic transformations. It began its journey as Hutton's Key club, evolving through the Angnew Club, L.O.'s, and a fifty-year tenure as The Restless Wind. In 2013, it metamorphosed into Chances ""R,"" marking yet another chapter in its storied existence. The enduring legacy is underscored by the current owners who have held the reins of The Restless Wind – now Chances ""R"" – for an impressive forty-seven years. As you step into this venerable space, you not only enter a bar but a living testament to the vibrant history of San Marcos' nightlife, where each name change represents a chapter in the city's evolving social tapestry."
651f35821f8d452578e36390,greenparrot,Green Parrot,"124 N. LBJ Drive, San Marcos, TX 78666",29.88294,-97.93985,"Green Parrot is a fun place to come and enjoy a good drink with good friends. Historic bar, est. 1982. longest lasting bar on the square... AKA we can handle our liquor.",5123964259,https://www.facebook.com/gparrotsanmarcos/,https://i.imgur.com/8ATnETI.png,https://i.imgur.com/Ivok1Px.png,https://i.imgur.com/uDoDRtK.jpg,https://i.imgur.com/Acbo6Oz.png,https://i.imgur.com/7NSeMWH.png,https://i.imgur.com/qWfBQqg.jpg,,CLOSED,CLOSED,CLOSED,CLOSED,CLOSED,CLOSED,CLOSED,https://www.yelp.com/biz/green-parrot-san-marcos,"No Takeout,Accepts Credit Cards,Loud,Good for Groups,Best nights on Thursday,Best nights on Friday,Best nights on Saturday,Full Bar,TV,No Outdoor Seating",https://www.facebook.com/profile.php?id=100064896344962,,$$,2,Beer Bar,Wine,Bar,,,23,"Step into the lively atmosphere of Green Parrot, where the good times have been flowing since its establishment in 1982, making it the longest-lasting bar on the square. This historic gem not only boasts longevity but also a reputation for being a fun-filled haven where good drinks are savored in the company of good friends. The Green Parrot is more than just a watering hole; it's a testament to the enduring spirit of camaraderie and the ability to handle liquor with flair. As you step through its doors, you enter not only a bar but a living chronicle of laughter, libations, and lasting memories that have been woven into the fabric of this iconic establishment."
651f35ce1f8d452578e36392,happycowbarngrill,Happy Cow Bar And Grill,"9103 FM 1102, New Braunfels, TX 78130",29.8048,-98.02137,"Enjoy live music, delicious drinks and tasty food at Happy Cow Bar & Grill. The Texas Hill Country oasis is the perfect place to grab a picnic table, kick back and enjoy a good burger, cold beer and great music. Live music is played on the large outdoor stage, the “Happy Cow Backyard,” every Friday and Saturday.",5126677510,https://happycowbar.com,https://i.imgur.com/E1teYV9.jpg,https://i.imgur.com/ObpvnBb.jpg,https://i.imgur.com/WtoF1dr.jpg,https://i.imgur.com/IMRzr4Y.jpg,https://i.imgur.com/I5yaUoR.jpg,https://i.imgur.com/lBZMLMU.jpg,,1:00 PM - 12:00 AM,1:00 PM - 12:00 AM,12:00 PM - 12:00 AM,12:00 PM - 12:00 AM,1:00 PM - 12:00 AM,1:00 PM - 12:00 AM,1:00 PM - 12:00 AM,https://www.yelp.com/biz/happy-cow-new-braunfels-2,"Offers Takeout,No Reservations,No Delivery,Many Vegetarian Options,Accepts Credit Cards,Accepts Apple Pay,Outdoor Seating,Divey,Casual,Moderate Noise,Good for Groups,Good for Lunch,Pool Table,Private Lot Parking,Waiter Service,Free Wi-Fi,Live Music,Happy Hour Specials,Full Bar,Smoking Allowed,Wheelchair Accessible,TV,Heated Outdoor Seating,No Catering,Not Good For Kids,No Covered Outdoor Seating,No Private Dining,Bike Parking",https://www.facebook.com/happycowbarandgrill,https://www.instagram.com/happycowbar/,$,4.4,American (Traditional),Bar,,,,416,"Indulge in a trifecta of delights at Happy Cow Bar & Grill, where live music, delectable drinks, and tasty food converge in the scenic backdrop of the Texas Hill Country oasis. Nestled beneath the expansive sky, this vibrant venue invites patrons to claim a picnic table, kick back, and relish the pleasures of a good burger paired with a cold beer while soaking in the captivating tunes. The Happy Cow Backyard, featuring a large outdoor stage, transforms every Friday and Saturday into a musical celebration. Whether you're a local seeking a laid-back hangout or a visitor savoring the charm of the Texas Hill Country, Happy Cow Bar & Grill promises an idyllic setting for memorable evenings filled with great music, delicious drinks, and the joy of good company."
651f36061f8d452578e36393,harpersonsquare,Harper's On The Square,"139 E. Hopkins Street, San Marcos, TX 78666",29.8834,-97.94053,"Whether you're looking to watch the big game, relax with a round of drinks with your friends, or catch a live music performance, Harper's is always a good time. ",5128782448,https://www.facebook.com/HarpersVerandaSMTX/,https://i.imgur.com/h2QZJAQ.png,https://i.imgur.com/tjQZ6c8.png,https://i.imgur.com/uLnbWtS.png,https://i.imgur.com/C2Zzj9D.png,https://i.imgur.com/uNo259t.jpg,https://i.imgur.com/QNt3ceP.png,,7:00 PM - 1:30 AM,CLOSED,CLOSED,12:00 PM - 7:00 PM,7:00 PM - 1:30 AM,CLOSED,8:00 PM - 1:30 AM,https://www.yelp.com/biz/harpers-brick-oven-san-marcos,"Offers Takeout,No Reservations,No Delivery,Accepts Credit Cards,Accepts Cryptocurrency,Casual,Loud,Good for Groups,Pool Table,Street Parking,Free Wi-Fi,Full Bar,TV,No Outdoor Seating,Not Good For Kids,Bike Parking",https://www.facebook.com/HarpersVerandaSMTX/,https://www.instagram.com/harpers.veranda.snappaheads/,$$,4,Pizza,Sport Bar,Chicken Wings,Bar,,137,"Harper's beckons as a versatile destination where every moment is crafted for a good time. Whether your goal is to catch the excitement of the big game, unwind with a round of drinks in the company of friends, or immerse yourself in the rhythm of a live music performance, Harper's offers an inviting space for all. The atmosphere is one of camaraderie and enjoyment, ensuring that regardless of your preference, the experience at Harper's is always tailored to deliver a memorable and enjoyable time."
651f37081f8d452578e36397,kissingalley,Kissing Alley,"121 E. Hopkins Street, San Marcos, TX 78666",29.88315,-97.94081,"What may seem like an average alley to passersby is actually one of San Marcos’ hidden gems! With eclectic murals both large and small, twinkly lights strung overhead and, of course, scenic views of the Hays County Courthouse – Kissing Alley is the heart of Downtown San Marcos.",5123938430,https://www.facebook.com/downtownsmtx/,https://i.imgur.com/A6skuj4.jpg,https://i.imgur.com/PYN8JEJ.jpg,https://i.imgur.com/tCzREKm.png,,,,,Open 24 hours,Open 24 hours,Open 24 hours,Open 24 hours,Open 24 hours,Open 24 hours,Open 24 hours,,,https://www.facebook.com/kissingalley/,,,3.5,,,,,,4,"Discover the enchanting allure of Kissing Alley, a hidden gem in the heart of Downtown San Marcos that transforms what may seem like an ordinary alley into a vibrant treasure trove. As passersby navigate through this seemingly average passage, they are greeted by eclectic murals, both grand and intricate, adorning the walls. Overhead, twinkly lights create a magical ambiance, casting a warm glow that enhances the charm of this unique space. Beyond its artistic allure, Kissing Alley offers scenic views of the Hays County Courthouse, providing a picturesque backdrop to the vibrant energy of Downtown San Marcos. Unveiling the artistic and scenic beauty that lies within, Kissing Alley stands as a testament to the unexpected treasures waiting to be explored in this dynamic cityscape."
651f381a1f8d452578e3639e,nephews,Nephew's,"100 N. Guadalupe Street, San Marcos, TX 78666",29.88241,-97.94162,"Fashionable nightclub with a club atmosphere, great bartenders and some of the best drink specials in Downtown San Marcos. Monday-Saturday 8pm-2am.",5125582337,https://www.facebook.com/nephews.sanmarcos/,https://i.imgur.com/KT1bcJq.jpg,https://i.imgur.com/wz1lmSd.png,https://i.imgur.com/Nl7t755.png,https://i.imgur.com/ROqpvvd.jpg,https://i.imgur.com/4DCvxD6.png,https://i.imgur.com/Tm3wbBR.png,https://i.imgur.com/Mowp0mO.png,9:00 PM -  2:00 AM,CLOSED,9:00 PM -  2:00 AM,CLOSED,9:00 PM -  2:00 AM,9:00 PM -  2:00 AM,9:00 PM -  2:00 AM,https://www.yelp.com/biz/nephews-san-marcos,"No Reservations,Accepts Credit Cards,Very Loud,Good for Groups,Street Parking,DJ,Happy Hour Specials,Full Bar,TV,No Outdoor Seating,Bike Parking",https://www.facebook.com/nephews.sanmarcos/,https://www.instagram.com/nephews_smtx/,$,3.3,Bar,,,,,69,"Step into a world of style and excitement at our fashionable nightclub, where a dynamic club atmosphere comes to life. Mingle with fellow revelers as our expert bartenders craft your favorite libations with finesse, setting the stage for an unforgettable night out. Dive into the pulse of Downtown San Marcos, where our venue stands out with some of the best drink specials in town. Open Monday through Saturday from 8 pm to 2 am, our nightclub promises an immersive experience where the fusion of great vibes, exceptional service, and enticing drink specials creates a night to remember. Whether you're seeking a lively gathering or a chic escape, our doors are open to elevate your Downtown San Marcos nightlife adventure."
651f39081f8d452578e363a5,roughhousebrewing,Roughhouse Brewing,"680 Oakwood Loop, San Marcos, TX 78666",29.93648,-98.06137,"Roughhouse Brewing is a family-owned and operated craft brewery located on five acres of the Pasternak family ranch in the hill country of San Marcos. Tucked away off of Ranch Road 12, the brewery serves refreshing, farmhouse-style beer and scratch-made fare that complements the Texas landscape. Customers can relax inside the rustic brewery barn or in the oak-surrounded outdoor seating area and enjoy live music on the weekends.",5126677000,https://www.roughhousebrewing.com,https://i.imgur.com/dvS3eFq.jpg,https://i.imgur.com/zuKZzqG.jpg,https://i.imgur.com/JkoVCPt.png,https://i.imgur.com/y7glDuz.png,https://i.imgur.com/Pqg9FDn.png,https://i.imgur.com/E5FznMs.jpg,https://i.imgur.com/8pdg2U5.jpg,11:00 AM – 9:00 PM,CLOSED,11:00 AM – 9:00 PM,11:00 AM – 7:00 PM,11:00 AM – 9:00 PM,CLOSED,CLOSED,https://www.yelp.com/biz/roughhouse-brewing-san-marcos,"Offers Takeout,Walk-ins Welcome,No Delivery,Many Vegetarian Options,Accepts Credit Cards,Not Accepts Android Pay,Not Accepts Apple Pay,Not Accepts Cryptocurrency,Private Lot Parking,Happy Hour Specials,Dogs Allowed,Wheelchair Accessible,Offers Military Discount,Covered Outdoor Seating,Offers Catering,No Drive-Thru,No Heated Outdoor Seating,No Bike Parking",https://www.facebook.com/RoughhouseBrewing/,https://www.instagram.com/roughhousebrewing/,$$,4.9,Brewery,Pub,,,,238,"Nestled on five acres of the picturesque Pasternak family ranch in the hill country of San Marcos, Roughhouse Brewing stands as a testament to family-owned craftsmanship and the spirit of the Texas landscape. Located off the beaten path on Ranch Road 12, this craft brewery offers a unique experience with refreshing, farmhouse-style beers and scratch-made fare that seamlessly blends with the surroundings. Whether patrons choose to unwind inside the rustic brewery barn or opt for the oak-surrounded outdoor seating area, the ambiance is one of tranquility and warmth. To enhance the experience, live music graces the weekends, making Roughhouse Brewing not just a brewery but a haven where the essence of family, craft, and the Texas hill country converge."
651f391f1f8d452578e363a6,sakebistronbar,Saké Bistro & Bar,"100 W. Hopkins Street, San Marcos, TX 78666",29.88324,-97.94176,Saké Bistro Bar offers a versatile setting for whatever mood you’re in. There are screens propped at all angles at the bistro bar and serve many craft beer and saké selections. Our goal is simple: to provide the ultimate experience and a memory for each of our guests every single night! ,5126676766,https://www.instagram.com/sakesanmarcos/,https://i.imgur.com/L6zen9G.jpg,https://i.imgur.com/OTkRFfz.jpg,https://i.imgur.com/KXdpnFp.png,https://i.imgur.com/paXb0Wv.jpg,https://i.imgur.com/xAOOvTU.png,https://i.imgur.com/lk71Qdk.jpg,,7:00 PM - 2:00 AM,7:00 PM - 2:00 AM,7:00 PM - 2:00 AM,CLOSED,7:00 PM - 2:00 AM,7:00 PM - 2:00 AM,7:00 PM - 2:00 AM,,,,https://www.instagram.com/sakesanmarcos/,$$,4.7,Sushi,Cocktail Bar,Bar,,,631,"Indulge in a diverse and dynamic setting at Saké Bistro Bar, where the atmosphere adapts to suit every mood. Screens are strategically positioned at various angles throughout the bistro bar, creating an immersive experience whether you're catching up with friends, enjoying a night out, or simply savoring some solitude. The bar boasts an extensive selection of craft beers and saké, ensuring that there's a libation to cater to every palate. Saké Bistro Bar doesn't just offer drinks; it aims to craft an ultimate experience, forging memories that linger long after the night concludes. With a commitment to excellence, each visit to Saké Bistro Bar is designed to be a distinctive and unforgettable journey for every guest."
651f39561f8d452578e363a8,shade,Shade Rooftop Patio,"127 E. Hopkins Street, San Marcos, TX 78666",29.88338,-97.9408,"Relax with a cold beverage on the open-air rooftop at Shade Rooftop Patio. Find a shady spot, start a game of Jenga or simply just kick back and unwind with some of the best craft cocktails in town! Open daily: 4pm - 2am",5123921170,https://www.facebook.com/ShadeRooftop/,https://i.imgur.com/tOxwIMm.jpg,https://i.imgur.com/Uq8sijk.jpg,https://i.imgur.com/e8zuH8X.png,https://i.imgur.com/RRfv8sC.jpg,https://i.imgur.com/NnkKR9k.jpg,https://i.imgur.com/94rYLUR.jpg,,5:00 PM – 2:00 AM,5:00 PM – 2:00 AM,5:00 PM – 2:00 AM,5:00 PM – 2:00 AM,5:00 PM – 2:00 AM,5:00 PM – 2:00 AM,5:00 PM – 2:00 AM,https://www.yelp.com/biz/shade-rooftop-patio-san-marcos,"No Reservations,Accepts Credit Cards,Not Accepts Apple Pay,Not Accepts Cryptocurrency,Outdoor Seating,Casual,Moderate Noise,Good for Groups,Good For Dancing,Street Parking,Best nights on Saturday,Happy Hour Specials,Full Bar,TV,No Pool Table,No Wi-Fi,Bike Parking",https://twitter.com/ShadeRooftop,https://www.instagram.com/shaderooftop/,$$,4.2,Bar,,,,,114,"Elevate your relaxation at Shade Rooftop Patio, where the open-air rooftop beckons with a tranquil ambiance. Seek refuge in a shady spot as you bask in the charm of this elevated haven. Whether you're engaging in a friendly game of Jenga or simply unwinding, the rooftop offers a serene retreat. Indulge in some of the best craft cocktails in town, each sip a testament to the artistry behind the bar. Open daily from 4 pm to 2 am, Shade Rooftop Patio invites you to linger in the moment, enjoying the cool breeze, the convivial atmosphere, and the refreshing taste of meticulously crafted beverages that make every visit a memorable escape."
651f39931f8d452578e363aa,taproom,The Taproom,"129 E. Hopkins Street (Suite 120), San Marcos, TX 78666",29.88339,-97.94065,"Taproom Pub and Grub opened its door in 1994 with one goal in mind, to serve the best food and beer around, and over 20 years later that is exactly what their customers have come to expect. Whether you are dining on one of their award-winning burgers or the famous baby back ribs, you will be sure to find just the right beer to accompany your meal. So bring your appetite and come enjoy what has kept customers coming back year after year.",5123929824,https://www.taproomsanmarcos.com,https://i.imgur.com/fN1OjRm.jpg,https://i.imgur.com/Wu23bdF.jpg,https://i.imgur.com/HzXGYAa.jpg,https://i.imgur.com/VHP2f4k.jpg,https://i.imgur.com/z4SByTo.jpg,https://i.imgur.com/L7gueJo.jpg,https://i.imgur.com/Myc4CON.jpg,11:00 AM - 12:00 AM,11:00 AM - 12:00 AM,11:00 AM - 12:00 AM,11:00 AM - 12:00 AM,11:00 AM - 12:00 AM,11:00 AM - 12:00 AM,11:00 AM - 12:00 AM,https://www.yelp.com/biz/the-taproom-san-marcos,"Offers Delivery,Offers Takeout,No Reservations,Vegan Options,Accepts Credit Cards,Not Accepts Android Pay,Not Accepts Apple Pay,Not Accepts Cryptocurrency,Outdoor Seating,Casual,Loud,Good for Groups,Good for Lunch,Good for Dinner,Good for Late Night,Pool Table,Street Parking,Private Lot Parking,Waiter Service,Free Wi-Fi,Best nights on Thursday,Best nights on Friday,Best nights on Saturday,Happy Hour Specials,Full Bar,Smoking Outside Only,Wheelchair Accessible,TV,LGBTQ-owned,Women-owned,Offers Military Discount,Open to All,Offers Catering,Not Good For Kids,Not Good For Dancing,No Drive-Thru,No Heated Outdoor Seating,No Covered Outdoor Seating,No Private Dining,Bike Parking,Provides reusable tableware",https://www.facebook.com/taproom78666/,https://www.instagram.com/taproom78666/,$$,4.5,Burgers,Pub,,,,1186,"Since its opening in 1994, Taproom Pub and Grub has steadfastly pursued a singular goal — to provide patrons with the finest food and beer in town. More than two decades later, the establishment has not only met but exceeded these expectations, creating a legacy that customers have come to rely on. From their acclaimed burgers to the famed baby back ribs, each dish is a testament to their commitment to culinary excellence. The experience is further elevated as you choose from an extensive selection of beers, expertly paired to complement your meal. Whether you're a first-time visitor or a longtime patron, the enduring appeal of Taproom lies in its unwavering dedication to quality, ensuring that every visit is a delightful journey of flavors and a celebration of the rich tradition that has kept customers returning year after year."
651f39ec1f8d452578e363ac,vault,The Vault,"100 W. Hopkins Street, San Marcos, TX 78666",29.88324,-97.94176,"The Vault is a popular nightlife spot on the Square in Downtown San Marcos. The name pays homage to when the building was the ""Old State Bank"" and the vault inside was blown up with nitro by the Newton Gang, waking up the neighborhood. The gang emerged with $24,000 and they simply walked out of town.",5125538707,https://vaultsakesanmarcos.com/,https://i.imgur.com/L6zen9G.jpg,https://i.imgur.com/xYqL1t9.jpg,https://i.imgur.com/hDaLCon.png,,,,,7:00 PM - 2:00 AM,7:00 PM - 2:00 AM,CLOSED,7:00 PM - 2:00 AM,7:00 PM - 2:00 AM,7:00 PM - 2:00 AM,7:00 PM - 2:00 AM,https://www.yelp.com/biz/the-vault-san-marcos,"Accepts Credit Cards,Very Loud,Good for Groups,Street Parking,Full Bar,TV,No Outdoor Seating,Bike Parking",https://www.facebook.com/TheVaultSMTX/,https://www.instagram.com/thevault_sanmarcos/,$$,3.4,Sake Bar,Karaoke,Bar,,,94,"Step into history and entertainment at The Vault, a vibrant nightlife destination situated on the Square in Downtown San Marcos. The name itself holds a captivating story, paying homage to the building's past life as the ""Old State Bank."" It was in these walls that the notorious Newton Gang, in an audacious feat, used nitro to blow open the vault, creating a spectacle that reverberated through the neighborhood. The gang's bold heist saw them emerge with $24,000, a daring act that concluded with them calmly walking out of town. Today, The Vault encapsulates the spirit of this historic event, offering patrons an immersive experience where the echoes of the past mingle with the lively atmosphere of contemporary nightlife, creating a truly unique and memorable visit to Downtown San Marcos."
